,PassengerId,Pclass,Sex,Age,SibSp,Parch,Ticket,Fare,Embarked,sex_female,sex_male,embarked_C,embarked_Q,embarked_S
0,1,3,male,22.0,1,0,A/5 21171,7.25,S,0,1,0,0,1
1,2,1,female,38.0,1,0,PC 17599,71.2833,C,1,0,1,0,0
2,3,3,female,26.0,0,0,STON/O2. 3101282,7.925,S,1,0,0,0,1
3,4,1,female,35.0,1,0,113803,53.1,S,1,0,0,0,1
4,5,3,male,35.0,0,0,373450,8.05,S,0,1,0,0,1
5,6,3,male,28.0,0,0,330877,8.4583,Q,0,1,0,1,0
6,7,1,male,54.0,0,0,17463,51.8625,S,0,1,0,0,1
7,8,3,male,2.0,3,1,349909,21.075,S,0,1,0,0,1
8,9,3,female,27.0,0,2,347742,11.1333,S,1,0,0,0,1
9,10,2,female,14.0,1,0,237736,30.0708,C,1,0,1,0,0
10,11,3,female,4.0,1,1,PP 9549,16.7,S,1,0,0,0,1
11,12,1,female,58.0,0,0,113783,26.55,S,1,0,0,0,1
12,13,3,male,20.0,0,0,A/5. 2151,8.05,S,0,1,0,0,1
13,14,3,male,39.0,1,5,347082,31.275,S,0,1,0,0,1
14,15,3,female,14.0,0,0,350406,7.8542,S,1,0,0,0,1
15,16,2,female,55.0,0,0,248706,16.0,S,1,0,0,0,1
16,17,3,male,2.0,4,1,382652,29.125,Q,0,1,0,1,0
17,18,2,male,28.0,0,0,244373,13.0,S,0,1,0,0,1
18,19,3,female,31.0,1,0,345763,18.0,S,1,0,0,0,1
19,20,3,female,28.0,0,0,2649,7.225,C,1,0,1,0,0
20,21,2,male,35.0,0,0,239865,26.0,S,0,1,0,0,1
21,22,2,male,34.0,0,0,248698,13.0,S,0,1,0,0,1
22,23,3,female,15.0,0,0,330923,8.0292,Q,1,0,0,1,0
23,24,1,male,28.0,0,0,113788,35.5,S,0,1,0,0,1
24,25,3,female,8.0,3,1,349909,21.075,S,1,0,0,0,1
25,26,3,female,38.0,1,5,347077,31.3875,S,1,0,0,0,1
26,27,3,male,28.0,0,0,2631,7.225,C,0,1,1,0,0
27,28,1,male,19.0,3,2,19950,263.0,S,0,1,0,0,1
28,29,3,female,28.0,0,0,330959,7.8792,Q,1,0,0,1,0
29,30,3,male,28.0,0,0,349216,7.8958,S,0,1,0,0,1
30,31,1,male,40.0,0,0,PC 17601,27.7208,C,0,1,1,0,0
31,32,1,female,28.0,1,0,PC 17569,146.5208,C,1,0,1,0,0
32,33,3,female,28.0,0,0,335677,7.75,Q,1,0,0,1,0
33,34,2,male,66.0,0,0,C.A. 24579,10.5,S,0,1,0,0,1
34,35,1,male,28.0,1,0,PC 17604,82.1708,C,0,1,1,0,0
35,36,1,male,42.0,1,0,113789,52.0,S,0,1,0,0,1
36,37,3,male,28.0,0,0,2677,7.2292,C,0,1,1,0,0
37,38,3,male,21.0,0,0,A./5. 2152,8.05,S,0,1,0,0,1
38,39,3,female,18.0,2,0,345764,18.0,S,1,0,0,0,1
39,40,3,female,14.0,1,0,2651,11.2417,C,1,0,1,0,0
40,41,3,female,40.0,1,0,7546,9.475,S,1,0,0,0,1
41,42,2,female,27.0,1,0,11668,21.0,S,1,0,0,0,1
42,43,3,male,28.0,0,0,349253,7.8958,C,0,1,1,0,0
43,44,2,female,3.0,1,2,SC/Paris 2123,41.5792,C,1,0,1,0,0
44,45,3,female,19.0,0,0,330958,7.8792,Q,1,0,0,1,0
45,46,3,male,28.0,0,0,S.C./A.4. 23567,8.05,S,0,1,0,0,1
46,47,3,male,28.0,1,0,370371,15.5,Q,0,1,0,1,0
47,48,3,female,28.0,0,0,14311,7.75,Q,1,0,0,1,0
48,49,3,male,28.0,2,0,2662,21.6792,C,0,1,1,0,0
49,50,3,female,18.0,1,0,349237,17.8,S,1,0,0,0,1
50,51,3,male,7.0,4,1,3101295,39.6875,S,0,1,0,0,1
51,52,3,male,21.0,0,0,A/4. 39886,7.8,S,0,1,0,0,1
52,53,1,female,49.0,1,0,PC 17572,76.7292,C,1,0,1,0,0
53,54,2,female,29.0,1,0,2926,26.0,S,1,0,0,0,1
54,55,1,male,65.0,0,1,113509,61.9792,C,0,1,1,0,0
55,56,1,male,28.0,0,0,19947,35.5,S,0,1,0,0,1
56,57,2,female,21.0,0,0,C.A. 31026,10.5,S,1,0,0,0,1
57,58,3,male,28.5,0,0,2697,7.2292,C,0,1,1,0,0
58,59,2,female,5.0,1,2,C.A. 34651,27.75,S,1,0,0,0,1
59,60,3,male,11.0,5,2,CA 2144,46.9,S,0,1,0,0,1
60,61,3,male,22.0,0,0,2669,7.2292,C,0,1,1,0,0
61,62,1,female,38.0,0,0,113572,80.0,S,1,0,0,0,1
62,63,1,male,45.0,1,0,36973,83.475,S,0,1,0,0,1
63,64,3,male,4.0,3,2,347088,27.9,S,0,1,0,0,1
64,65,1,male,28.0,0,0,PC 17605,27.7208,C,0,1,1,0,0
65,66,3,male,28.0,1,1,2661,15.2458,C,0,1,1,0,0
66,67,2,female,29.0,0,0,C.A. 29395,10.5,S,1,0,0,0,1
67,68,3,male,19.0,0,0,S.P. 3464,8.1583,S,0,1,0,0,1
68,69,3,female,17.0,4,2,3101281,7.925,S,1,0,0,0,1
69,70,3,male,26.0,2,0,315151,8.6625,S,0,1,0,0,1
70,71,2,male,32.0,0,0,C.A. 33111,10.5,S,0,1,0,0,1
71,72,3,female,16.0,5,2,CA 2144,46.9,S,1,0,0,0,1
72,73,2,male,21.0,0,0,S.O.C. 14879,73.5,S,0,1,0,0,1
73,74,3,male,26.0,1,0,2680,14.4542,C,0,1,1,0,0
74,75,3,male,32.0,0,0,1601,56.4958,S,0,1,0,0,1
75,76,3,male,25.0,0,0,348123,7.65,S,0,1,0,0,1
76,77,3,male,28.0,0,0,349208,7.8958,S,0,1,0,0,1
77,78,3,male,28.0,0,0,374746,8.05,S,0,1,0,0,1
78,79,2,male,0.83,0,2,248738,29.0,S,0,1,0,0,1
79,80,3,female,30.0,0,0,364516,12.475,S,1,0,0,0,1
80,81,3,male,22.0,0,0,345767,9.0,S,0,1,0,0,1
81,82,3,male,29.0,0,0,345779,9.5,S,0,1,0,0,1
82,83,3,female,28.0,0,0,330932,7.7875,Q,1,0,0,1,0
83,84,1,male,28.0,0,0,113059,47.1,S,0,1,0,0,1
84,85,2,female,17.0,0,0,SO/C 14885,10.5,S,1,0,0,0,1
85,86,3,female,33.0,3,0,3101278,15.85,S,1,0,0,0,1
86,87,3,male,16.0,1,3,W./C. 6608,34.375,S,0,1,0,0,1
87,88,3,male,28.0,0,0,SOTON/OQ 392086,8.05,S,0,1,0,0,1
88,89,1,female,23.0,3,2,19950,263.0,S,1,0,0,0,1
89,90,3,male,24.0,0,0,343275,8.05,S,0,1,0,0,1
90,91,3,male,29.0,0,0,343276,8.05,S,0,1,0,0,1
91,92,3,male,20.0,0,0,347466,7.8542,S,0,1,0,0,1
92,93,1,male,46.0,1,0,W.E.P. 5734,61.175,S,0,1,0,0,1
93,94,3,male,26.0,1,2,C.A. 2315,20.575,S,0,1,0,0,1
94,95,3,male,59.0,0,0,364500,7.25,S,0,1,0,0,1
95,96,3,male,28.0,0,0,374910,8.05,S,0,1,0,0,1
96,97,1,male,71.0,0,0,PC 17754,34.6542,C,0,1,1,0,0
97,98,1,male,23.0,0,1,PC 17759,63.3583,C,0,1,1,0,0
98,99,2,female,34.0,0,1,231919,23.0,S,1,0,0,0,1
99,100,2,male,34.0,1,0,244367,26.0,S,0,1,0,0,1
100,101,3,female,28.0,0,0,349245,7.8958,S,1,0,0,0,1
101,102,3,male,28.0,0,0,349215,7.8958,S,0,1,0,0,1
102,103,1,male,21.0,0,1,35281,77.2875,S,0,1,0,0,1
103,104,3,male,33.0,0,0,7540,8.6542,S,0,1,0,0,1
104,105,3,male,37.0,2,0,3101276,7.925,S,0,1,0,0,1
105,106,3,male,28.0,0,0,349207,7.8958,S,0,1,0,0,1
106,107,3,female,21.0,0,0,343120,7.65,S,1,0,0,0,1
107,108,3,male,28.0,0,0,312991,7.775,S,0,1,0,0,1
108,109,3,male,38.0,0,0,349249,7.8958,S,0,1,0,0,1
109,110,3,female,28.0,1,0,371110,24.15,Q,1,0,0,1,0
110,111,1,male,47.0,0,0,110465,52.0,S,0,1,0,0,1
111,112,3,female,14.5,1,0,2665,14.4542,C,1,0,1,0,0
112,113,3,male,22.0,0,0,324669,8.05,S,0,1,0,0,1
113,114,3,female,20.0,1,0,4136,9.825,S,1,0,0,0,1
114,115,3,female,17.0,0,0,2627,14.4583,C,1,0,1,0,0
115,116,3,male,21.0,0,0,STON/O 2. 3101294,7.925,S,0,1,0,0,1
116,117,3,male,70.5,0,0,370369,7.75,Q,0,1,0,1,0
117,118,2,male,29.0,1,0,11668,21.0,S,0,1,0,0,1
118,119,1,male,24.0,0,1,PC 17558,247.5208,C,0,1,1,0,0
119,120,3,female,2.0,4,2,347082,31.275,S,1,0,0,0,1
120,121,2,male,21.0,2,0,S.O.C. 14879,73.5,S,0,1,0,0,1
121,122,3,male,28.0,0,0,A4. 54510,8.05,S,0,1,0,0,1
122,123,2,male,32.5,1,0,237736,30.0708,C,0,1,1,0,0
123,124,2,female,32.5,0,0,27267,13.0,S,1,0,0,0,1
124,125,1,male,54.0,0,1,35281,77.2875,S,0,1,0,0,1
125,126,3,male,12.0,1,0,2651,11.2417,C,0,1,1,0,0
126,127,3,male,28.0,0,0,370372,7.75,Q,0,1,0,1,0
127,128,3,male,24.0,0,0,C 17369,7.1417,S,0,1,0,0,1
128,129,3,female,28.0,1,1,2668,22.3583,C,1,0,1,0,0
129,130,3,male,45.0,0,0,347061,6.975,S,0,1,0,0,1
130,131,3,male,33.0,0,0,349241,7.8958,C,0,1,1,0,0
131,132,3,male,20.0,0,0,SOTON/O.Q. 3101307,7.05,S,0,1,0,0,1
132,133,3,female,47.0,1,0,A/5. 3337,14.5,S,1,0,0,0,1
133,134,2,female,29.0,1,0,228414,26.0,S,1,0,0,0,1
134,135,2,male,25.0,0,0,C.A. 29178,13.0,S,0,1,0,0,1
135,136,2,male,23.0,0,0,SC/PARIS 2133,15.0458,C,0,1,1,0,0
136,137,1,female,19.0,0,2,11752,26.2833,S,1,0,0,0,1
137,138,1,male,37.0,1,0,113803,53.1,S,0,1,0,0,1
138,139,3,male,16.0,0,0,7534,9.2167,S,0,1,0,0,1
139,140,1,male,24.0,0,0,PC 17593,79.2,C,0,1,1,0,0
140,141,3,female,28.0,0,2,2678,15.2458,C,1,0,1,0,0
141,142,3,female,22.0,0,0,347081,7.75,S,1,0,0,0,1
142,143,3,female,24.0,1,0,STON/O2. 3101279,15.85,S,1,0,0,0,1
143,144,3,male,19.0,0,0,365222,6.75,Q,0,1,0,1,0
144,145,2,male,18.0,0,0,231945,11.5,S,0,1,0,0,1
145,146,2,male,19.0,1,1,C.A. 33112,36.75,S,0,1,0,0,1
146,147,3,male,27.0,0,0,350043,7.7958,S,0,1,0,0,1
147,148,3,female,9.0,2,2,W./C. 6608,34.375,S,1,0,0,0,1
148,149,2,male,36.5,0,2,230080,26.0,S,0,1,0,0,1
149,150,2,male,42.0,0,0,244310,13.0,S,0,1,0,0,1
150,151,2,male,51.0,0,0,S.O.P. 1166,12.525,S,0,1,0,0,1
151,152,1,female,22.0,1,0,113776,66.6,S,1,0,0,0,1
152,153,3,male,55.5,0,0,A.5. 11206,8.05,S,0,1,0,0,1
153,154,3,male,40.5,0,2,A/5. 851,14.5,S,0,1,0,0,1
154,155,3,male,28.0,0,0,Fa 265302,7.3125,S,0,1,0,0,1
155,156,1,male,51.0,0,1,PC 17597,61.3792,C,0,1,1,0,0
156,157,3,female,16.0,0,0,35851,7.7333,Q,1,0,0,1,0
157,158,3,male,30.0,0,0,SOTON/OQ 392090,8.05,S,0,1,0,0,1
158,159,3,male,28.0,0,0,315037,8.6625,S,0,1,0,0,1
159,160,3,male,28.0,8,2,CA. 2343,69.55,S,0,1,0,0,1
160,161,3,male,44.0,0,1,371362,16.1,S,0,1,0,0,1
161,162,2,female,40.0,0,0,C.A. 33595,15.75,S,1,0,0,0,1
162,163,3,male,26.0,0,0,347068,7.775,S,0,1,0,0,1
163,164,3,male,17.0,0,0,315093,8.6625,S,0,1,0,0,1
164,165,3,male,1.0,4,1,3101295,39.6875,S,0,1,0,0,1
165,166,3,male,9.0,0,2,363291,20.525,S,0,1,0,0,1
166,167,1,female,28.0,0,1,113505,55.0,S,1,0,0,0,1
167,168,3,female,45.0,1,4,347088,27.9,S,1,0,0,0,1
168,169,1,male,28.0,0,0,PC 17318,25.925,S,0,1,0,0,1
169,170,3,male,28.0,0,0,1601,56.4958,S,0,1,0,0,1
170,171,1,male,61.0,0,0,111240,33.5,S,0,1,0,0,1
171,172,3,male,4.0,4,1,382652,29.125,Q,0,1,0,1,0
172,173,3,female,1.0,1,1,347742,11.1333,S,1,0,0,0,1
173,174,3,male,21.0,0,0,STON/O 2. 3101280,7.925,S,0,1,0,0,1
174,175,1,male,56.0,0,0,17764,30.6958,C,0,1,1,0,0
175,176,3,male,18.0,1,1,350404,7.8542,S,0,1,0,0,1
176,177,3,male,28.0,3,1,4133,25.4667,S,0,1,0,0,1
177,178,1,female,50.0,0,0,PC 17595,28.7125,C,1,0,1,0,0
178,179,2,male,30.0,0,0,250653,13.0,S,0,1,0,0,1
179,180,3,male,36.0,0,0,LINE,0.0,S,0,1,0,0,1
180,181,3,female,28.0,8,2,CA. 2343,69.55,S,1,0,0,0,1
181,182,2,male,28.0,0,0,SC/PARIS 2131,15.05,C,0,1,1,0,0
182,183,3,male,9.0,4,2,347077,31.3875,S,0,1,0,0,1
183,184,2,male,1.0,2,1,230136,39.0,S,0,1,0,0,1
184,185,3,female,4.0,0,2,315153,22.025,S,1,0,0,0,1
185,186,1,male,28.0,0,0,113767,50.0,S,0,1,0,0,1
186,187,3,female,28.0,1,0,370365,15.5,Q,1,0,0,1,0
187,188,1,male,45.0,0,0,111428,26.55,S,0,1,0,0,1
188,189,3,male,40.0,1,1,364849,15.5,Q,0,1,0,1,0
189,190,3,male,36.0,0,0,349247,7.8958,S,0,1,0,0,1
190,191,2,female,32.0,0,0,234604,13.0,S,1,0,0,0,1
191,192,2,male,19.0,0,0,28424,13.0,S,0,1,0,0,1
192,193,3,female,19.0,1,0,350046,7.8542,S,1,0,0,0,1
193,194,2,male,3.0,1,1,230080,26.0,S,0,1,0,0,1
194,195,1,female,44.0,0,0,PC 17610,27.7208,C,1,0,1,0,0
195,196,1,female,58.0,0,0,PC 17569,146.5208,C,1,0,1,0,0
196,197,3,male,28.0,0,0,368703,7.75,Q,0,1,0,1,0
197,198,3,male,42.0,0,1,4579,8.4042,S,0,1,0,0,1
198,199,3,female,28.0,0,0,370370,7.75,Q,1,0,0,1,0
199,200,2,female,24.0,0,0,248747,13.0,S,1,0,0,0,1
200,201,3,male,28.0,0,0,345770,9.5,S,0,1,0,0,1
201,202,3,male,28.0,8,2,CA. 2343,69.55,S,0,1,0,0,1
202,203,3,male,34.0,0,0,3101264,6.4958,S,0,1,0,0,1
203,204,3,male,45.5,0,0,2628,7.225,C,0,1,1,0,0
204,205,3,male,18.0,0,0,A/5 3540,8.05,S,0,1,0,0,1
205,206,3,female,2.0,0,1,347054,10.4625,S,1,0,0,0,1
206,207,3,male,32.0,1,0,3101278,15.85,S,0,1,0,0,1
207,208,3,male,26.0,0,0,2699,18.7875,C,0,1,1,0,0
208,209,3,female,16.0,0,0,367231,7.75,Q,1,0,0,1,0
209,210,1,male,40.0,0,0,112277,31.0,C,0,1,1,0,0
210,211,3,male,24.0,0,0,SOTON/O.Q. 3101311,7.05,S,0,1,0,0,1
211,212,2,female,35.0,0,0,F.C.C. 13528,21.0,S,1,0,0,0,1
212,213,3,male,22.0,0,0,A/5 21174,7.25,S,0,1,0,0,1
213,214,2,male,30.0,0,0,250646,13.0,S,0,1,0,0,1
214,215,3,male,28.0,1,0,367229,7.75,Q,0,1,0,1,0
215,216,1,female,31.0,1,0,35273,113.275,C,1,0,1,0,0
216,217,3,female,27.0,0,0,STON/O2. 3101283,7.925,S,1,0,0,0,1
217,218,2,male,42.0,1,0,243847,27.0,S,0,1,0,0,1
218,219,1,female,32.0,0,0,11813,76.2917,C,1,0,1,0,0
219,220,2,male,30.0,0,0,W/C 14208,10.5,S,0,1,0,0,1
220,221,3,male,16.0,0,0,SOTON/OQ 392089,8.05,S,0,1,0,0,1
221,222,2,male,27.0,0,0,220367,13.0,S,0,1,0,0,1
222,223,3,male,51.0,0,0,21440,8.05,S,0,1,0,0,1
223,224,3,male,28.0,0,0,349234,7.8958,S,0,1,0,0,1
224,225,1,male,38.0,1,0,19943,90.0,S,0,1,0,0,1
225,226,3,male,22.0,0,0,PP 4348,9.35,S,0,1,0,0,1
226,227,2,male,19.0,0,0,SW/PP 751,10.5,S,0,1,0,0,1
227,228,3,male,20.5,0,0,A/5 21173,7.25,S,0,1,0,0,1
228,229,2,male,18.0,0,0,236171,13.0,S,0,1,0,0,1
229,230,3,female,28.0,3,1,4133,25.4667,S,1,0,0,0,1
230,231,1,female,35.0,1,0,36973,83.475,S,1,0,0,0,1
231,232,3,male,29.0,0,0,347067,7.775,S,0,1,0,0,1
232,233,2,male,59.0,0,0,237442,13.5,S,0,1,0,0,1
233,234,3,female,5.0,4,2,347077,31.3875,S,1,0,0,0,1
234,235,2,male,24.0,0,0,C.A. 29566,10.5,S,0,1,0,0,1
235,236,3,female,28.0,0,0,W./C. 6609,7.55,S,1,0,0,0,1
236,237,2,male,44.0,1,0,26707,26.0,S,0,1,0,0,1
237,238,2,female,8.0,0,2,C.A. 31921,26.25,S,1,0,0,0,1
238,239,2,male,19.0,0,0,28665,10.5,S,0,1,0,0,1
239,240,2,male,33.0,0,0,SCO/W 1585,12.275,S,0,1,0,0,1
240,241,3,female,28.0,1,0,2665,14.4542,C,1,0,1,0,0
241,242,3,female,28.0,1,0,367230,15.5,Q,1,0,0,1,0
242,243,2,male,29.0,0,0,W./C. 14263,10.5,S,0,1,0,0,1
243,244,3,male,22.0,0,0,STON/O 2. 3101275,7.125,S,0,1,0,0,1
244,245,3,male,30.0,0,0,2694,7.225,C,0,1,1,0,0
245,246,1,male,44.0,2,0,19928,90.0,Q,0,1,0,1,0
246,247,3,female,25.0,0,0,347071,7.775,S,1,0,0,0,1
247,248,2,female,24.0,0,2,250649,14.5,S,1,0,0,0,1
248,249,1,male,37.0,1,1,11751,52.5542,S,0,1,0,0,1
249,250,2,male,54.0,1,0,244252,26.0,S,0,1,0,0,1
250,251,3,male,28.0,0,0,362316,7.25,S,0,1,0,0,1
251,252,3,female,29.0,1,1,347054,10.4625,S,1,0,0,0,1
252,253,1,male,62.0,0,0,113514,26.55,S,0,1,0,0,1
253,254,3,male,30.0,1,0,A/5. 3336,16.1,S,0,1,0,0,1
254,255,3,female,41.0,0,2,370129,20.2125,S,1,0,0,0,1
255,256,3,female,29.0,0,2,2650,15.2458,C,1,0,1,0,0
256,257,1,female,28.0,0,0,PC 17585,79.2,C,1,0,1,0,0
257,258,1,female,30.0,0,0,110152,86.5,S,1,0,0,0,1
258,259,1,female,35.0,0,0,PC 17755,512.3292,C,1,0,1,0,0
259,260,2,female,50.0,0,1,230433,26.0,S,1,0,0,0,1
260,261,3,male,28.0,0,0,384461,7.75,Q,0,1,0,1,0
261,262,3,male,3.0,4,2,347077,31.3875,S,0,1,0,0,1
262,263,1,male,52.0,1,1,110413,79.65,S,0,1,0,0,1
263,264,1,male,40.0,0,0,112059,0.0,S,0,1,0,0,1
264,265,3,female,28.0,0,0,382649,7.75,Q,1,0,0,1,0
265,266,2,male,36.0,0,0,C.A. 17248,10.5,S,0,1,0,0,1
266,267,3,male,16.0,4,1,3101295,39.6875,S,0,1,0,0,1
267,268,3,male,25.0,1,0,347083,7.775,S,0,1,0,0,1
268,269,1,female,58.0,0,1,PC 17582,153.4625,S,1,0,0,0,1
269,270,1,female,35.0,0,0,PC 17760,135.6333,S,1,0,0,0,1
270,271,1,male,28.0,0,0,113798,31.0,S,0,1,0,0,1
271,272,3,male,25.0,0,0,LINE,0.0,S,0,1,0,0,1
272,273,2,female,41.0,0,1,250644,19.5,S,1,0,0,0,1
273,274,1,male,37.0,0,1,PC 17596,29.7,C,0,1,1,0,0
274,275,3,female,28.0,0,0,370375,7.75,Q,1,0,0,1,0
275,276,1,female,63.0,1,0,13502,77.9583,S,1,0,0,0,1
276,277,3,female,45.0,0,0,347073,7.75,S,1,0,0,0,1
277,278,2,male,28.0,0,0,239853,0.0,S,0,1,0,0,1
278,279,3,male,7.0,4,1,382652,29.125,Q,0,1,0,1,0
279,280,3,female,35.0,1,1,C.A. 2673,20.25,S,1,0,0,0,1
280,281,3,male,65.0,0,0,336439,7.75,Q,0,1,0,1,0
281,282,3,male,28.0,0,0,347464,7.8542,S,0,1,0,0,1
282,283,3,male,16.0,0,0,345778,9.5,S,0,1,0,0,1
283,284,3,male,19.0,0,0,A/5. 10482,8.05,S,0,1,0,0,1
284,285,1,male,28.0,0,0,113056,26.0,S,0,1,0,0,1
285,286,3,male,33.0,0,0,349239,8.6625,C,0,1,1,0,0
286,287,3,male,30.0,0,0,345774,9.5,S,0,1,0,0,1
287,288,3,male,22.0,0,0,349206,7.8958,S,0,1,0,0,1
288,289,2,male,42.0,0,0,237798,13.0,S,0,1,0,0,1
289,290,3,female,22.0,0,0,370373,7.75,Q,1,0,0,1,0
290,291,1,female,26.0,0,0,19877,78.85,S,1,0,0,0,1
291,292,1,female,19.0,1,0,11967,91.0792,C,1,0,1,0,0
292,293,2,male,36.0,0,0,SC/Paris 2163,12.875,C,0,1,1,0,0
293,294,3,female,24.0,0,0,349236,8.85,S,1,0,0,0,1
294,295,3,male,24.0,0,0,349233,7.8958,S,0,1,0,0,1
295,296,1,male,28.0,0,0,PC 17612,27.7208,C,0,1,1,0,0
296,297,3,male,23.5,0,0,2693,7.2292,C,0,1,1,0,0
297,298,1,female,2.0,1,2,113781,151.55,S,1,0,0,0,1
298,299,1,male,28.0,0,0,19988,30.5,S,0,1,0,0,1
299,300,1,female,50.0,0,1,PC 17558,247.5208,C,1,0,1,0,0
300,301,3,female,28.0,0,0,9234,7.75,Q,1,0,0,1,0
301,302,3,male,28.0,2,0,367226,23.25,Q,0,1,0,1,0
302,303,3,male,19.0,0,0,LINE,0.0,S,0,1,0,0,1
303,304,2,female,28.0,0,0,226593,12.35,Q,1,0,0,1,0
304,305,3,male,28.0,0,0,A/5 2466,8.05,S,0,1,0,0,1
305,306,1,male,0.92,1,2,113781,151.55,S,0,1,0,0,1
306,307,1,female,28.0,0,0,17421,110.8833,C,1,0,1,0,0
307,308,1,female,17.0,1,0,PC 17758,108.9,C,1,0,1,0,0
308,309,2,male,30.0,1,0,P/PP 3381,24.0,C,0,1,1,0,0
309,310,1,female,30.0,0,0,PC 17485,56.9292,C,1,0,1,0,0
310,311,1,female,24.0,0,0,11767,83.1583,C,1,0,1,0,0
311,312,1,female,18.0,2,2,PC 17608,262.375,C,1,0,1,0,0
312,313,2,female,26.0,1,1,250651,26.0,S,1,0,0,0,1
313,314,3,male,28.0,0,0,349243,7.8958,S,0,1,0,0,1
314,315,2,male,43.0,1,1,F.C.C. 13529,26.25,S,0,1,0,0,1
315,316,3,female,26.0,0,0,347470,7.8542,S,1,0,0,0,1
316,317,2,female,24.0,1,0,244367,26.0,S,1,0,0,0,1
317,318,2,male,54.0,0,0,29011,14.0,S,0,1,0,0,1
318,319,1,female,31.0,0,2,36928,164.8667,S,1,0,0,0,1
319,320,1,female,40.0,1,1,16966,134.5,C,1,0,1,0,0
320,321,3,male,22.0,0,0,A/5 21172,7.25,S,0,1,0,0,1
321,322,3,male,27.0,0,0,349219,7.8958,S,0,1,0,0,1
322,323,2,female,30.0,0,0,234818,12.35,Q,1,0,0,1,0
323,324,2,female,22.0,1,1,248738,29.0,S,1,0,0,0,1
324,325,3,male,28.0,8,2,CA. 2343,69.55,S,0,1,0,0,1
325,326,1,female,36.0,0,0,PC 17760,135.6333,C,1,0,1,0,0
326,327,3,male,61.0,0,0,345364,6.2375,S,0,1,0,0,1
327,328,2,female,36.0,0,0,28551,13.0,S,1,0,0,0,1
328,329,3,female,31.0,1,1,363291,20.525,S,1,0,0,0,1
329,330,1,female,16.0,0,1,111361,57.9792,C,1,0,1,0,0
330,331,3,female,28.0,2,0,367226,23.25,Q,1,0,0,1,0
331,332,1,male,45.5,0,0,113043,28.5,S,0,1,0,0,1
332,333,1,male,38.0,0,1,PC 17582,153.4625,S,0,1,0,0,1
333,334,3,male,16.0,2,0,345764,18.0,S,0,1,0,0,1
334,335,1,female,28.0,1,0,PC 17611,133.65,S,1,0,0,0,1
335,336,3,male,28.0,0,0,349225,7.8958,S,0,1,0,0,1
336,337,1,male,29.0,1,0,113776,66.6,S,0,1,0,0,1
337,338,1,female,41.0,0,0,16966,134.5,C,1,0,1,0,0
338,339,3,male,45.0,0,0,7598,8.05,S,0,1,0,0,1
339,340,1,male,45.0,0,0,113784,35.5,S,0,1,0,0,1
340,341,2,male,2.0,1,1,230080,26.0,S,0,1,0,0,1
341,342,1,female,24.0,3,2,19950,263.0,S,1,0,0,0,1
342,343,2,male,28.0,0,0,248740,13.0,S,0,1,0,0,1
343,344,2,male,25.0,0,0,244361,13.0,S,0,1,0,0,1
344,345,2,male,36.0,0,0,229236,13.0,S,0,1,0,0,1
345,346,2,female,24.0,0,0,248733,13.0,S,1,0,0,0,1
346,347,2,female,40.0,0,0,31418,13.0,S,1,0,0,0,1
347,348,3,female,28.0,1,0,386525,16.1,S,1,0,0,0,1
348,349,3,male,3.0,1,1,C.A. 37671,15.9,S,0,1,0,0,1
349,350,3,male,42.0,0,0,315088,8.6625,S,0,1,0,0,1
350,351,3,male,23.0,0,0,7267,9.225,S,0,1,0,0,1
351,352,1,male,28.0,0,0,113510,35.0,S,0,1,0,0,1
352,353,3,male,15.0,1,1,2695,7.2292,C,0,1,1,0,0
353,354,3,male,25.0,1,0,349237,17.8,S,0,1,0,0,1
354,355,3,male,28.0,0,0,2647,7.225,C,0,1,1,0,0
355,356,3,male,28.0,0,0,345783,9.5,S,0,1,0,0,1
356,357,1,female,22.0,0,1,113505,55.0,S,1,0,0,0,1
357,358,2,female,38.0,0,0,237671,13.0,S,1,0,0,0,1
358,359,3,female,28.0,0,0,330931,7.8792,Q,1,0,0,1,0
359,360,3,female,28.0,0,0,330980,7.8792,Q,1,0,0,1,0
360,361,3,male,40.0,1,4,347088,27.9,S,0,1,0,0,1
361,362,2,male,29.0,1,0,SC/PARIS 2167,27.7208,C,0,1,1,0,0
362,363,3,female,45.0,0,1,2691,14.4542,C,1,0,1,0,0
363,364,3,male,35.0,0,0,SOTON/O.Q. 3101310,7.05,S,0,1,0,0,1
364,365,3,male,28.0,1,0,370365,15.5,Q,0,1,0,1,0
365,366,3,male,30.0,0,0,C 7076,7.25,S,0,1,0,0,1
366,367,1,female,60.0,1,0,110813,75.25,C,1,0,1,0,0
367,368,3,female,28.0,0,0,2626,7.2292,C,1,0,1,0,0
368,369,3,female,28.0,0,0,14313,7.75,Q,1,0,0,1,0
369,370,1,female,24.0,0,0,PC 17477,69.3,C,1,0,1,0,0
370,371,1,male,25.0,1,0,11765,55.4417,C,0,1,1,0,0
371,372,3,male,18.0,1,0,3101267,6.4958,S,0,1,0,0,1
372,373,3,male,19.0,0,0,323951,8.05,S,0,1,0,0,1
373,374,1,male,22.0,0,0,PC 17760,135.6333,C,0,1,1,0,0
374,375,3,female,3.0,3,1,349909,21.075,S,1,0,0,0,1
375,376,1,female,28.0,1,0,PC 17604,82.1708,C,1,0,1,0,0
376,377,3,female,22.0,0,0,C 7077,7.25,S,1,0,0,0,1
377,378,1,male,27.0,0,2,113503,211.5,C,0,1,1,0,0
378,379,3,male,20.0,0,0,2648,4.0125,C,0,1,1,0,0
379,380,3,male,19.0,0,0,347069,7.775,S,0,1,0,0,1
380,381,1,female,42.0,0,0,PC 17757,227.525,C,1,0,1,0,0
381,382,3,female,1.0,0,2,2653,15.7417,C,1,0,1,0,0
382,383,3,male,32.0,0,0,STON/O 2. 3101293,7.925,S,0,1,0,0,1
383,384,1,female,35.0,1,0,113789,52.0,S,1,0,0,0,1
384,385,3,male,28.0,0,0,349227,7.8958,S,0,1,0,0,1
385,386,2,male,18.0,0,0,S.O.C. 14879,73.5,S,0,1,0,0,1
386,387,3,male,1.0,5,2,CA 2144,46.9,S,0,1,0,0,1
387,388,2,female,36.0,0,0,27849,13.0,S,1,0,0,0,1
388,389,3,male,28.0,0,0,367655,7.7292,Q,0,1,0,1,0
389,390,2,female,17.0,0,0,SC 1748,12.0,C,1,0,1,0,0
390,391,1,male,36.0,1,2,113760,120.0,S,0,1,0,0,1
391,392,3,male,21.0,0,0,350034,7.7958,S,0,1,0,0,1
392,393,3,male,28.0,2,0,3101277,7.925,S,0,1,0,0,1
393,394,1,female,23.0,1,0,35273,113.275,C,1,0,1,0,0
394,395,3,female,24.0,0,2,PP 9549,16.7,S,1,0,0,0,1
395,396,3,male,22.0,0,0,350052,7.7958,S,0,1,0,0,1
396,397,3,female,31.0,0,0,350407,7.8542,S,1,0,0,0,1
397,398,2,male,46.0,0,0,28403,26.0,S,0,1,0,0,1
398,399,2,male,23.0,0,0,244278,10.5,S,0,1,0,0,1
399,400,2,female,28.0,0,0,240929,12.65,S,1,0,0,0,1
400,401,3,male,39.0,0,0,STON/O 2. 3101289,7.925,S,0,1,0,0,1
401,402,3,male,26.0,0,0,341826,8.05,S,0,1,0,0,1
402,403,3,female,21.0,1,0,4137,9.825,S,1,0,0,0,1
403,404,3,male,28.0,1,0,STON/O2. 3101279,15.85,S,0,1,0,0,1
404,405,3,female,20.0,0,0,315096,8.6625,S,1,0,0,0,1
405,406,2,male,34.0,1,0,28664,21.0,S,0,1,0,0,1
406,407,3,male,51.0,0,0,347064,7.75,S,0,1,0,0,1
407,408,2,male,3.0,1,1,29106,18.75,S,0,1,0,0,1
408,409,3,male,21.0,0,0,312992,7.775,S,0,1,0,0,1
409,410,3,female,28.0,3,1,4133,25.4667,S,1,0,0,0,1
410,411,3,male,28.0,0,0,349222,7.8958,S,0,1,0,0,1
411,412,3,male,28.0,0,0,394140,6.8583,Q,0,1,0,1,0
412,413,1,female,33.0,1,0,19928,90.0,Q,1,0,0,1,0
413,414,2,male,28.0,0,0,239853,0.0,S,0,1,0,0,1
414,415,3,male,44.0,0,0,STON/O 2. 3101269,7.925,S,0,1,0,0,1
415,416,3,female,28.0,0,0,343095,8.05,S,1,0,0,0,1
416,417,2,female,34.0,1,1,28220,32.5,S,1,0,0,0,1
417,418,2,female,18.0,0,2,250652,13.0,S,1,0,0,0,1
418,419,2,male,30.0,0,0,28228,13.0,S,0,1,0,0,1
419,420,3,female,10.0,0,2,345773,24.15,S,1,0,0,0,1
420,421,3,male,28.0,0,0,349254,7.8958,C,0,1,1,0,0
421,422,3,male,21.0,0,0,A/5. 13032,7.7333,Q,0,1,0,1,0
422,423,3,male,29.0,0,0,315082,7.875,S,0,1,0,0,1
423,424,3,female,28.0,1,1,347080,14.4,S,1,0,0,0,1
424,425,3,male,18.0,1,1,370129,20.2125,S,0,1,0,0,1
425,426,3,male,28.0,0,0,A/4. 34244,7.25,S,0,1,0,0,1
426,427,2,female,28.0,1,0,2003,26.0,S,1,0,0,0,1
427,428,2,female,19.0,0,0,250655,26.0,S,1,0,0,0,1
428,429,3,male,28.0,0,0,364851,7.75,Q,0,1,0,1,0
429,430,3,male,32.0,0,0,SOTON/O.Q. 392078,8.05,S,0,1,0,0,1
430,431,1,male,28.0,0,0,110564,26.55,S,0,1,0,0,1
431,432,3,female,28.0,1,0,376564,16.1,S,1,0,0,0,1
432,433,2,female,42.0,1,0,SC/AH 3085,26.0,S,1,0,0,0,1
433,434,3,male,17.0,0,0,STON/O 2. 3101274,7.125,S,0,1,0,0,1
434,435,1,male,50.0,1,0,13507,55.9,S,0,1,0,0,1
435,436,1,female,14.0,1,2,113760,120.0,S,1,0,0,0,1
436,437,3,female,21.0,2,2,W./C. 6608,34.375,S,1,0,0,0,1
437,438,2,female,24.0,2,3,29106,18.75,S,1,0,0,0,1
438,439,1,male,64.0,1,4,19950,263.0,S,0,1,0,0,1
439,440,2,male,31.0,0,0,C.A. 18723,10.5,S,0,1,0,0,1
440,441,2,female,45.0,1,1,F.C.C. 13529,26.25,S,1,0,0,0,1
441,442,3,male,20.0,0,0,345769,9.5,S,0,1,0,0,1
442,443,3,male,25.0,1,0,347076,7.775,S,0,1,0,0,1
443,444,2,female,28.0,0,0,230434,13.0,S,1,0,0,0,1
444,445,3,male,28.0,0,0,65306,8.1125,S,0,1,0,0,1
445,446,1,male,4.0,0,2,33638,81.8583,S,0,1,0,0,1
446,447,2,female,13.0,0,1,250644,19.5,S,1,0,0,0,1
447,448,1,male,34.0,0,0,113794,26.55,S,0,1,0,0,1
448,449,3,female,5.0,2,1,2666,19.2583,C,1,0,1,0,0
449,450,1,male,52.0,0,0,113786,30.5,S,0,1,0,0,1
450,451,2,male,36.0,1,2,C.A. 34651,27.75,S,0,1,0,0,1
451,452,3,male,28.0,1,0,65303,19.9667,S,0,1,0,0,1
452,453,1,male,30.0,0,0,113051,27.75,C,0,1,1,0,0
453,454,1,male,49.0,1,0,17453,89.1042,C,0,1,1,0,0
454,455,3,male,28.0,0,0,A/5 2817,8.05,S,0,1,0,0,1
455,456,3,male,29.0,0,0,349240,7.8958,C,0,1,1,0,0
456,457,1,male,65.0,0,0,13509,26.55,S,0,1,0,0,1
457,458,1,female,28.0,1,0,17464,51.8625,S,1,0,0,0,1
458,459,2,female,50.0,0,0,F.C.C. 13531,10.5,S,1,0,0,0,1
459,460,3,male,28.0,0,0,371060,7.75,Q,0,1,0,1,0
460,461,1,male,48.0,0,0,19952,26.55,S,0,1,0,0,1
461,462,3,male,34.0,0,0,364506,8.05,S,0,1,0,0,1
462,463,1,male,47.0,0,0,111320,38.5,S,0,1,0,0,1
463,464,2,male,48.0,0,0,234360,13.0,S,0,1,0,0,1
464,465,3,male,28.0,0,0,A/S 2816,8.05,S,0,1,0,0,1
465,466,3,male,38.0,0,0,SOTON/O.Q. 3101306,7.05,S,0,1,0,0,1
466,467,2,male,28.0,0,0,239853,0.0,S,0,1,0,0,1
467,468,1,male,56.0,0,0,113792,26.55,S,0,1,0,0,1
468,469,3,male,28.0,0,0,36209,7.725,Q,0,1,0,1,0
469,470,3,female,0.75,2,1,2666,19.2583,C,1,0,1,0,0
470,471,3,male,28.0,0,0,323592,7.25,S,0,1,0,0,1
471,472,3,male,38.0,0,0,315089,8.6625,S,0,1,0,0,1
472,473,2,female,33.0,1,2,C.A. 34651,27.75,S,1,0,0,0,1
473,474,2,female,23.0,0,0,SC/AH Basle 541,13.7917,C,1,0,1,0,0
474,475,3,female,22.0,0,0,7553,9.8375,S,1,0,0,0,1
475,476,1,male,28.0,0,0,110465,52.0,S,0,1,0,0,1
476,477,2,male,34.0,1,0,31027,21.0,S,0,1,0,0,1
477,478,3,male,29.0,1,0,3460,7.0458,S,0,1,0,0,1
478,479,3,male,22.0,0,0,350060,7.5208,S,0,1,0,0,1
479,480,3,female,2.0,0,1,3101298,12.2875,S,1,0,0,0,1
480,481,3,male,9.0,5,2,CA 2144,46.9,S,0,1,0,0,1
481,482,2,male,28.0,0,0,239854,0.0,S,0,1,0,0,1
482,483,3,male,50.0,0,0,A/5 3594,8.05,S,0,1,0,0,1
483,484,3,female,63.0,0,0,4134,9.5875,S,1,0,0,0,1
484,485,1,male,25.0,1,0,11967,91.0792,C,0,1,1,0,0
485,486,3,female,28.0,3,1,4133,25.4667,S,1,0,0,0,1
486,487,1,female,35.0,1,0,19943,90.0,S,1,0,0,0,1
487,488,1,male,58.0,0,0,11771,29.7,C,0,1,1,0,0
488,489,3,male,30.0,0,0,A.5. 18509,8.05,S,0,1,0,0,1
489,490,3,male,9.0,1,1,C.A. 37671,15.9,S,0,1,0,0,1
490,491,3,male,28.0,1,0,65304,19.9667,S,0,1,0,0,1
491,492,3,male,21.0,0,0,SOTON/OQ 3101317,7.25,S,0,1,0,0,1
492,493,1,male,55.0,0,0,113787,30.5,S,0,1,0,0,1
493,494,1,male,71.0,0,0,PC 17609,49.5042,C,0,1,1,0,0
494,495,3,male,21.0,0,0,A/4 45380,8.05,S,0,1,0,0,1
495,496,3,male,28.0,0,0,2627,14.4583,C,0,1,1,0,0
496,497,1,female,54.0,1,0,36947,78.2667,C,1,0,1,0,0
497,498,3,male,28.0,0,0,C.A. 6212,15.1,S,0,1,0,0,1
498,499,1,female,25.0,1,2,113781,151.55,S,1,0,0,0,1
499,500,3,male,24.0,0,0,350035,7.7958,S,0,1,0,0,1
500,501,3,male,17.0,0,0,315086,8.6625,S,0,1,0,0,1
501,502,3,female,21.0,0,0,364846,7.75,Q,1,0,0,1,0
502,503,3,female,28.0,0,0,330909,7.6292,Q,1,0,0,1,0
503,504,3,female,37.0,0,0,4135,9.5875,S,1,0,0,0,1
504,505,1,female,16.0,0,0,110152,86.5,S,1,0,0,0,1
505,506,1,male,18.0,1,0,PC 17758,108.9,C,0,1,1,0,0
506,507,2,female,33.0,0,2,26360,26.0,S,1,0,0,0,1
507,508,1,male,28.0,0,0,111427,26.55,S,0,1,0,0,1
508,509,3,male,28.0,0,0,C 4001,22.525,S,0,1,0,0,1
509,510,3,male,26.0,0,0,1601,56.4958,S,0,1,0,0,1
510,511,3,male,29.0,0,0,382651,7.75,Q,0,1,0,1,0
511,512,3,male,28.0,0,0,SOTON/OQ 3101316,8.05,S,0,1,0,0,1
512,513,1,male,36.0,0,0,PC 17473,26.2875,S,0,1,0,0,1
513,514,1,female,54.0,1,0,PC 17603,59.4,C,1,0,1,0,0
514,515,3,male,24.0,0,0,349209,7.4958,S,0,1,0,0,1
515,516,1,male,47.0,0,0,36967,34.0208,S,0,1,0,0,1
516,517,2,female,34.0,0,0,C.A. 34260,10.5,S,1,0,0,0,1
517,518,3,male,28.0,0,0,371110,24.15,Q,0,1,0,1,0
518,519,2,female,36.0,1,0,226875,26.0,S,1,0,0,0,1
519,520,3,male,32.0,0,0,349242,7.8958,S,0,1,0,0,1
520,521,1,female,30.0,0,0,12749,93.5,S,1,0,0,0,1
521,522,3,male,22.0,0,0,349252,7.8958,S,0,1,0,0,1
522,523,3,male,28.0,0,0,2624,7.225,C,0,1,1,0,0
523,524,1,female,44.0,0,1,111361,57.9792,C,1,0,1,0,0
524,525,3,male,28.0,0,0,2700,7.2292,C,0,1,1,0,0
525,526,3,male,40.5,0,0,367232,7.75,Q,0,1,0,1,0
526,527,2,female,50.0,0,0,W./C. 14258,10.5,S,1,0,0,0,1
527,528,1,male,28.0,0,0,PC 17483,221.7792,S,0,1,0,0,1
528,529,3,male,39.0,0,0,3101296,7.925,S,0,1,0,0,1
529,530,2,male,23.0,2,1,29104,11.5,S,0,1,0,0,1
530,531,2,female,2.0,1,1,26360,26.0,S,1,0,0,0,1
531,532,3,male,28.0,0,0,2641,7.2292,C,0,1,1,0,0
532,533,3,male,17.0,1,1,2690,7.2292,C,0,1,1,0,0
533,534,3,female,28.0,0,2,2668,22.3583,C,1,0,1,0,0
534,535,3,female,30.0,0,0,315084,8.6625,S,1,0,0,0,1
535,536,2,female,7.0,0,2,F.C.C. 13529,26.25,S,1,0,0,0,1
536,537,1,male,45.0,0,0,113050,26.55,S,0,1,0,0,1
537,538,1,female,30.0,0,0,PC 17761,106.425,C,1,0,1,0,0
538,539,3,male,28.0,0,0,364498,14.5,S,0,1,0,0,1
539,540,1,female,22.0,0,2,13568,49.5,C,1,0,1,0,0
540,541,1,female,36.0,0,2,WE/P 5735,71.0,S,1,0,0,0,1
541,542,3,female,9.0,4,2,347082,31.275,S,1,0,0,0,1
542,543,3,female,11.0,4,2,347082,31.275,S,1,0,0,0,1
543,544,2,male,32.0,1,0,2908,26.0,S,0,1,0,0,1
544,545,1,male,50.0,1,0,PC 17761,106.425,C,0,1,1,0,0
545,546,1,male,64.0,0,0,693,26.0,S,0,1,0,0,1
546,547,2,female,19.0,1,0,2908,26.0,S,1,0,0,0,1
547,548,2,male,28.0,0,0,SC/PARIS 2146,13.8625,C,0,1,1,0,0
548,549,3,male,33.0,1,1,363291,20.525,S,0,1,0,0,1
549,550,2,male,8.0,1,1,C.A. 33112,36.75,S,0,1,0,0,1
550,551,1,male,17.0,0,2,17421,110.8833,C,0,1,1,0,0
551,552,2,male,27.0,0,0,244358,26.0,S,0,1,0,0,1
552,553,3,male,28.0,0,0,330979,7.8292,Q,0,1,0,1,0
553,554,3,male,22.0,0,0,2620,7.225,C,0,1,1,0,0
554,555,3,female,22.0,0,0,347085,7.775,S,1,0,0,0,1
555,556,1,male,62.0,0,0,113807,26.55,S,0,1,0,0,1
556,557,1,female,48.0,1,0,11755,39.6,C,1,0,1,0,0
557,558,1,male,28.0,0,0,PC 17757,227.525,C,0,1,1,0,0
558,559,1,female,39.0,1,1,110413,79.65,S,1,0,0,0,1
559,560,3,female,36.0,1,0,345572,17.4,S,1,0,0,0,1
560,561,3,male,28.0,0,0,372622,7.75,Q,0,1,0,1,0
561,562,3,male,40.0,0,0,349251,7.8958,S,0,1,0,0,1
562,563,2,male,28.0,0,0,218629,13.5,S,0,1,0,0,1
563,564,3,male,28.0,0,0,SOTON/OQ 392082,8.05,S,0,1,0,0,1
564,565,3,female,28.0,0,0,SOTON/O.Q. 392087,8.05,S,1,0,0,0,1
565,566,3,male,24.0,2,0,A/4 48871,24.15,S,0,1,0,0,1
566,567,3,male,19.0,0,0,349205,7.8958,S,0,1,0,0,1
567,568,3,female,29.0,0,4,349909,21.075,S,1,0,0,0,1
568,569,3,male,28.0,0,0,2686,7.2292,C,0,1,1,0,0
569,570,3,male,32.0,0,0,350417,7.8542,S,0,1,0,0,1
570,571,2,male,62.0,0,0,S.W./PP 752,10.5,S,0,1,0,0,1
571,572,1,female,53.0,2,0,11769,51.4792,S,1,0,0,0,1
572,573,1,male,36.0,0,0,PC 17474,26.3875,S,0,1,0,0,1
573,574,3,female,28.0,0,0,14312,7.75,Q,1,0,0,1,0
574,575,3,male,16.0,0,0,A/4. 20589,8.05,S,0,1,0,0,1
575,576,3,male,19.0,0,0,358585,14.5,S,0,1,0,0,1
576,577,2,female,34.0,0,0,243880,13.0,S,1,0,0,0,1
577,578,1,female,39.0,1,0,13507,55.9,S,1,0,0,0,1
578,579,3,female,28.0,1,0,2689,14.4583,C,1,0,1,0,0
579,580,3,male,32.0,0,0,STON/O 2. 3101286,7.925,S,0,1,0,0,1
580,581,2,female,25.0,1,1,237789,30.0,S,1,0,0,0,1
581,582,1,female,39.0,1,1,17421,110.8833,C,1,0,1,0,0
582,583,2,male,54.0,0,0,28403,26.0,S,0,1,0,0,1
583,584,1,male,36.0,0,0,13049,40.125,C,0,1,1,0,0
584,585,3,male,28.0,0,0,3411,8.7125,C,0,1,1,0,0
585,586,1,female,18.0,0,2,110413,79.65,S,1,0,0,0,1
586,587,2,male,47.0,0,0,237565,15.0,S,0,1,0,0,1
587,588,1,male,60.0,1,1,13567,79.2,C,0,1,1,0,0
588,589,3,male,22.0,0,0,14973,8.05,S,0,1,0,0,1
589,590,3,male,28.0,0,0,A./5. 3235,8.05,S,0,1,0,0,1
590,591,3,male,35.0,0,0,STON/O 2. 3101273,7.125,S,0,1,0,0,1
591,592,1,female,52.0,1,0,36947,78.2667,C,1,0,1,0,0
592,593,3,male,47.0,0,0,A/5 3902,7.25,S,0,1,0,0,1
593,594,3,female,28.0,0,2,364848,7.75,Q,1,0,0,1,0
594,595,2,male,37.0,1,0,SC/AH 29037,26.0,S,0,1,0,0,1
595,596,3,male,36.0,1,1,345773,24.15,S,0,1,0,0,1
596,597,2,female,28.0,0,0,248727,33.0,S,1,0,0,0,1
597,598,3,male,49.0,0,0,LINE,0.0,S,0,1,0,0,1
598,599,3,male,28.0,0,0,2664,7.225,C,0,1,1,0,0
599,600,1,male,49.0,1,0,PC 17485,56.9292,C,0,1,1,0,0
600,601,2,female,24.0,2,1,243847,27.0,S,1,0,0,0,1
601,602,3,male,28.0,0,0,349214,7.8958,S,0,1,0,0,1
602,603,1,male,28.0,0,0,113796,42.4,S,0,1,0,0,1
603,604,3,male,44.0,0,0,364511,8.05,S,0,1,0,0,1
604,605,1,male,35.0,0,0,111426,26.55,C,0,1,1,0,0
605,606,3,male,36.0,1,0,349910,15.55,S,0,1,0,0,1
606,607,3,male,30.0,0,0,349246,7.8958,S,0,1,0,0,1
607,608,1,male,27.0,0,0,113804,30.5,S,0,1,0,0,1
608,609,2,female,22.0,1,2,SC/Paris 2123,41.5792,C,1,0,1,0,0
609,610,1,female,40.0,0,0,PC 17582,153.4625,S,1,0,0,0,1
610,611,3,female,39.0,1,5,347082,31.275,S,1,0,0,0,1
611,612,3,male,28.0,0,0,SOTON/O.Q. 3101305,7.05,S,0,1,0,0,1
612,613,3,female,28.0,1,0,367230,15.5,Q,1,0,0,1,0
613,614,3,male,28.0,0,0,370377,7.75,Q,0,1,0,1,0
614,615,3,male,35.0,0,0,364512,8.05,S,0,1,0,0,1
615,616,2,female,24.0,1,2,220845,65.0,S,1,0,0,0,1
616,617,3,male,34.0,1,1,347080,14.4,S,0,1,0,0,1
617,618,3,female,26.0,1,0,A/5. 3336,16.1,S,1,0,0,0,1
618,619,2,female,4.0,2,1,230136,39.0,S,1,0,0,0,1
619,620,2,male,26.0,0,0,31028,10.5,S,0,1,0,0,1
620,621,3,male,27.0,1,0,2659,14.4542,C,0,1,1,0,0
621,622,1,male,42.0,1,0,11753,52.5542,S,0,1,0,0,1
622,623,3,male,20.0,1,1,2653,15.7417,C,0,1,1,0,0
623,624,3,male,21.0,0,0,350029,7.8542,S,0,1,0,0,1
624,625,3,male,21.0,0,0,54636,16.1,S,0,1,0,0,1
625,626,1,male,61.0,0,0,36963,32.3208,S,0,1,0,0,1
626,627,2,male,57.0,0,0,219533,12.35,Q,0,1,0,1,0
627,628,1,female,21.0,0,0,13502,77.9583,S,1,0,0,0,1
628,629,3,male,26.0,0,0,349224,7.8958,S,0,1,0,0,1
629,630,3,male,28.0,0,0,334912,7.7333,Q,0,1,0,1,0
630,631,1,male,80.0,0,0,27042,30.0,S,0,1,0,0,1
631,632,3,male,51.0,0,0,347743,7.0542,S,0,1,0,0,1
632,633,1,male,32.0,0,0,13214,30.5,C,0,1,1,0,0
633,634,1,male,28.0,0,0,112052,0.0,S,0,1,0,0,1
634,635,3,female,9.0,3,2,347088,27.9,S,1,0,0,0,1
635,636,2,female,28.0,0,0,237668,13.0,S,1,0,0,0,1
636,637,3,male,32.0,0,0,STON/O 2. 3101292,7.925,S,0,1,0,0,1
637,638,2,male,31.0,1,1,C.A. 31921,26.25,S,0,1,0,0,1
638,639,3,female,41.0,0,5,3101295,39.6875,S,1,0,0,0,1
639,640,3,male,28.0,1,0,376564,16.1,S,0,1,0,0,1
640,641,3,male,20.0,0,0,350050,7.8542,S,0,1,0,0,1
641,642,1,female,24.0,0,0,PC 17477,69.3,C,1,0,1,0,0
642,643,3,female,2.0,3,2,347088,27.9,S,1,0,0,0,1
643,644,3,male,28.0,0,0,1601,56.4958,S,0,1,0,0,1
644,645,3,female,0.75,2,1,2666,19.2583,C,1,0,1,0,0
645,646,1,male,48.0,1,0,PC 17572,76.7292,C,0,1,1,0,0
646,647,3,male,19.0,0,0,349231,7.8958,S,0,1,0,0,1
647,648,1,male,56.0,0,0,13213,35.5,C,0,1,1,0,0
648,649,3,male,28.0,0,0,S.O./P.P. 751,7.55,S,0,1,0,0,1
649,650,3,female,23.0,0,0,CA. 2314,7.55,S,1,0,0,0,1
650,651,3,male,28.0,0,0,349221,7.8958,S,0,1,0,0,1
651,652,2,female,18.0,0,1,231919,23.0,S,1,0,0,0,1
652,653,3,male,21.0,0,0,8475,8.4333,S,0,1,0,0,1
653,654,3,female,28.0,0,0,330919,7.8292,Q,1,0,0,1,0
654,655,3,female,18.0,0,0,365226,6.75,Q,1,0,0,1,0
655,656,2,male,24.0,2,0,S.O.C. 14879,73.5,S,0,1,0,0,1
656,657,3,male,28.0,0,0,349223,7.8958,S,0,1,0,0,1
657,658,3,female,32.0,1,1,364849,15.5,Q,1,0,0,1,0
658,659,2,male,23.0,0,0,29751,13.0,S,0,1,0,0,1
659,660,1,male,58.0,0,2,35273,113.275,C,0,1,1,0,0
660,661,1,male,50.0,2,0,PC 17611,133.65,S,0,1,0,0,1
661,662,3,male,40.0,0,0,2623,7.225,C,0,1,1,0,0
662,663,1,male,47.0,0,0,5727,25.5875,S,0,1,0,0,1
663,664,3,male,36.0,0,0,349210,7.4958,S,0,1,0,0,1
664,665,3,male,20.0,1,0,STON/O 2. 3101285,7.925,S,0,1,0,0,1
665,666,2,male,32.0,2,0,S.O.C. 14879,73.5,S,0,1,0,0,1
666,667,2,male,25.0,0,0,234686,13.0,S,0,1,0,0,1
667,668,3,male,28.0,0,0,312993,7.775,S,0,1,0,0,1
668,669,3,male,43.0,0,0,A/5 3536,8.05,S,0,1,0,0,1
669,670,1,female,28.0,1,0,19996,52.0,S,1,0,0,0,1
670,671,2,female,40.0,1,1,29750,39.0,S,1,0,0,0,1
671,672,1,male,31.0,1,0,F.C. 12750,52.0,S,0,1,0,0,1
672,673,2,male,70.0,0,0,C.A. 24580,10.5,S,0,1,0,0,1
673,674,2,male,31.0,0,0,244270,13.0,S,0,1,0,0,1
674,675,2,male,28.0,0,0,239856,0.0,S,0,1,0,0,1
675,676,3,male,18.0,0,0,349912,7.775,S,0,1,0,0,1
676,677,3,male,24.5,0,0,342826,8.05,S,0,1,0,0,1
677,678,3,female,18.0,0,0,4138,9.8417,S,1,0,0,0,1
678,679,3,female,43.0,1,6,CA 2144,46.9,S,1,0,0,0,1
679,680,1,male,36.0,0,1,PC 17755,512.3292,C,0,1,1,0,0
680,681,3,female,28.0,0,0,330935,8.1375,Q,1,0,0,1,0
681,682,1,male,27.0,0,0,PC 17572,76.7292,C,0,1,1,0,0
682,683,3,male,20.0,0,0,6563,9.225,S,0,1,0,0,1
683,684,3,male,14.0,5,2,CA 2144,46.9,S,0,1,0,0,1
684,685,2,male,60.0,1,1,29750,39.0,S,0,1,0,0,1
685,686,2,male,25.0,1,2,SC/Paris 2123,41.5792,C,0,1,1,0,0
686,687,3,male,14.0,4,1,3101295,39.6875,S,0,1,0,0,1
687,688,3,male,19.0,0,0,349228,10.1708,S,0,1,0,0,1
688,689,3,male,18.0,0,0,350036,7.7958,S,0,1,0,0,1
689,690,1,female,15.0,0,1,24160,211.3375,S,1,0,0,0,1
690,691,1,male,31.0,1,0,17474,57.0,S,0,1,0,0,1
691,692,3,female,4.0,0,1,349256,13.4167,C,1,0,1,0,0
692,693,3,male,28.0,0,0,1601,56.4958,S,0,1,0,0,1
693,694,3,male,25.0,0,0,2672,7.225,C,0,1,1,0,0
694,695,1,male,60.0,0,0,113800,26.55,S,0,1,0,0,1
695,696,2,male,52.0,0,0,248731,13.5,S,0,1,0,0,1
696,697,3,male,44.0,0,0,363592,8.05,S,0,1,0,0,1
697,698,3,female,28.0,0,0,35852,7.7333,Q,1,0,0,1,0
698,699,1,male,49.0,1,1,17421,110.8833,C,0,1,1,0,0
699,700,3,male,42.0,0,0,348121,7.65,S,0,1,0,0,1
700,701,1,female,18.0,1,0,PC 17757,227.525,C,1,0,1,0,0
701,702,1,male,35.0,0,0,PC 17475,26.2875,S,0,1,0,0,1
702,703,3,female,18.0,0,1,2691,14.4542,C,1,0,1,0,0
703,704,3,male,25.0,0,0,36864,7.7417,Q,0,1,0,1,0
704,705,3,male,26.0,1,0,350025,7.8542,S,0,1,0,0,1
705,706,2,male,39.0,0,0,250655,26.0,S,0,1,0,0,1
706,707,2,female,45.0,0,0,223596,13.5,S,1,0,0,0,1
707,708,1,male,42.0,0,0,PC 17476,26.2875,S,0,1,0,0,1
708,709,1,female,22.0,0,0,113781,151.55,S,1,0,0,0,1
709,710,3,male,28.0,1,1,2661,15.2458,C,0,1,1,0,0
710,711,1,female,24.0,0,0,PC 17482,49.5042,C,1,0,1,0,0
711,712,1,male,28.0,0,0,113028,26.55,S,0,1,0,0,1
712,713,1,male,48.0,1,0,19996,52.0,S,0,1,0,0,1
713,714,3,male,29.0,0,0,7545,9.4833,S,0,1,0,0,1
714,715,2,male,52.0,0,0,250647,13.0,S,0,1,0,0,1
715,716,3,male,19.0,0,0,348124,7.65,S,0,1,0,0,1
716,717,1,female,38.0,0,0,PC 17757,227.525,C,1,0,1,0,0
717,718,2,female,27.0,0,0,34218,10.5,S,1,0,0,0,1
718,719,3,male,28.0,0,0,36568,15.5,Q,0,1,0,1,0
719,720,3,male,33.0,0,0,347062,7.775,S,0,1,0,0,1
720,721,2,female,6.0,0,1,248727,33.0,S,1,0,0,0,1
721,722,3,male,17.0,1,0,350048,7.0542,S,0,1,0,0,1
722,723,2,male,34.0,0,0,12233,13.0,S,0,1,0,0,1
723,724,2,male,50.0,0,0,250643,13.0,S,0,1,0,0,1
724,725,1,male,27.0,1,0,113806,53.1,S,0,1,0,0,1
725,726,3,male,20.0,0,0,315094,8.6625,S,0,1,0,0,1
726,727,2,female,30.0,3,0,31027,21.0,S,1,0,0,0,1
727,728,3,female,28.0,0,0,36866,7.7375,Q,1,0,0,1,0
728,729,2,male,25.0,1,0,236853,26.0,S,0,1,0,0,1
729,730,3,female,25.0,1,0,STON/O2. 3101271,7.925,S,1,0,0,0,1
730,731,1,female,29.0,0,0,24160,211.3375,S,1,0,0,0,1
731,732,3,male,11.0,0,0,2699,18.7875,C,0,1,1,0,0
732,733,2,male,28.0,0,0,239855,0.0,S,0,1,0,0,1
733,734,2,male,23.0,0,0,28425,13.0,S,0,1,0,0,1
734,735,2,male,23.0,0,0,233639,13.0,S,0,1,0,0,1
735,736,3,male,28.5,0,0,54636,16.1,S,0,1,0,0,1
736,737,3,female,48.0,1,3,W./C. 6608,34.375,S,1,0,0,0,1
737,738,1,male,35.0,0,0,PC 17755,512.3292,C,0,1,1,0,0
738,739,3,male,28.0,0,0,349201,7.8958,S,0,1,0,0,1
739,740,3,male,28.0,0,0,349218,7.8958,S,0,1,0,0,1
740,741,1,male,28.0,0,0,16988,30.0,S,0,1,0,0,1
741,742,1,male,36.0,1,0,19877,78.85,S,0,1,0,0,1
742,743,1,female,21.0,2,2,PC 17608,262.375,C,1,0,1,0,0
743,744,3,male,24.0,1,0,376566,16.1,S,0,1,0,0,1
744,745,3,male,31.0,0,0,STON/O 2. 3101288,7.925,S,0,1,0,0,1
745,746,1,male,70.0,1,1,WE/P 5735,71.0,S,0,1,0,0,1
746,747,3,male,16.0,1,1,C.A. 2673,20.25,S,0,1,0,0,1
747,748,2,female,30.0,0,0,250648,13.0,S,1,0,0,0,1
748,749,1,male,19.0,1,0,113773,53.1,S,0,1,0,0,1
749,750,3,male,31.0,0,0,335097,7.75,Q,0,1,0,1,0
750,751,2,female,4.0,1,1,29103,23.0,S,1,0,0,0,1
751,752,3,male,6.0,0,1,392096,12.475,S,0,1,0,0,1
752,753,3,male,33.0,0,0,345780,9.5,S,0,1,0,0,1
753,754,3,male,23.0,0,0,349204,7.8958,S,0,1,0,0,1
754,755,2,female,48.0,1,2,220845,65.0,S,1,0,0,0,1
755,756,2,male,0.67,1,1,250649,14.5,S,0,1,0,0,1
756,757,3,male,28.0,0,0,350042,7.7958,S,0,1,0,0,1
757,758,2,male,18.0,0,0,29108,11.5,S,0,1,0,0,1
758,759,3,male,34.0,0,0,363294,8.05,S,0,1,0,0,1
759,760,1,female,33.0,0,0,110152,86.5,S,1,0,0,0,1
760,761,3,male,28.0,0,0,358585,14.5,S,0,1,0,0,1
761,762,3,male,41.0,0,0,SOTON/O2 3101272,7.125,S,0,1,0,0,1
762,763,3,male,20.0,0,0,2663,7.2292,C,0,1,1,0,0
763,764,1,female,36.0,1,2,113760,120.0,S,1,0,0,0,1
764,765,3,male,16.0,0,0,347074,7.775,S,0,1,0,0,1
765,766,1,female,51.0,1,0,13502,77.9583,S,1,0,0,0,1
766,767,1,male,28.0,0,0,112379,39.6,C,0,1,1,0,0
767,768,3,female,30.5,0,0,364850,7.75,Q,1,0,0,1,0
768,769,3,male,28.0,1,0,371110,24.15,Q,0,1,0,1,0
769,770,3,male,32.0,0,0,8471,8.3625,S,0,1,0,0,1
770,771,3,male,24.0,0,0,345781,9.5,S,0,1,0,0,1
771,772,3,male,48.0,0,0,350047,7.8542,S,0,1,0,0,1
772,773,2,female,57.0,0,0,S.O./P.P. 3,10.5,S,1,0,0,0,1
773,774,3,male,28.0,0,0,2674,7.225,C,0,1,1,0,0
774,775,2,female,54.0,1,3,29105,23.0,S,1,0,0,0,1
775,776,3,male,18.0,0,0,347078,7.75,S,0,1,0,0,1
776,777,3,male,28.0,0,0,383121,7.75,Q,0,1,0,1,0
777,778,3,female,5.0,0,0,364516,12.475,S,1,0,0,0,1
778,779,3,male,28.0,0,0,36865,7.7375,Q,0,1,0,1,0
779,780,1,female,43.0,0,1,24160,211.3375,S,1,0,0,0,1
780,781,3,female,13.0,0,0,2687,7.2292,C,1,0,1,0,0
781,782,1,female,17.0,1,0,17474,57.0,S,1,0,0,0,1
782,783,1,male,29.0,0,0,113501,30.0,S,0,1,0,0,1
783,784,3,male,28.0,1,2,W./C. 6607,23.45,S,0,1,0,0,1
784,785,3,male,25.0,0,0,SOTON/O.Q. 3101312,7.05,S,0,1,0,0,1
785,786,3,male,25.0,0,0,374887,7.25,S,0,1,0,0,1
786,787,3,female,18.0,0,0,3101265,7.4958,S,1,0,0,0,1
787,788,3,male,8.0,4,1,382652,29.125,Q,0,1,0,1,0
788,789,3,male,1.0,1,2,C.A. 2315,20.575,S,0,1,0,0,1
789,790,1,male,46.0,0,0,PC 17593,79.2,C,0,1,1,0,0
790,791,3,male,28.0,0,0,12460,7.75,Q,0,1,0,1,0
791,792,2,male,16.0,0,0,239865,26.0,S,0,1,0,0,1
792,793,3,female,28.0,8,2,CA. 2343,69.55,S,1,0,0,0,1
793,794,1,male,28.0,0,0,PC 17600,30.6958,C,0,1,1,0,0
794,795,3,male,25.0,0,0,349203,7.8958,S,0,1,0,0,1
795,796,2,male,39.0,0,0,28213,13.0,S,0,1,0,0,1
796,797,1,female,49.0,0,0,17465,25.9292,S,1,0,0,0,1
797,798,3,female,31.0,0,0,349244,8.6833,S,1,0,0,0,1
798,799,3,male,30.0,0,0,2685,7.2292,C,0,1,1,0,0
799,800,3,female,30.0,1,1,345773,24.15,S,1,0,0,0,1
800,801,2,male,34.0,0,0,250647,13.0,S,0,1,0,0,1
801,802,2,female,31.0,1,1,C.A. 31921,26.25,S,1,0,0,0,1
802,803,1,male,11.0,1,2,113760,120.0,S,0,1,0,0,1
803,804,3,male,0.42,0,1,2625,8.5167,C,0,1,1,0,0
804,805,3,male,27.0,0,0,347089,6.975,S,0,1,0,0,1
805,806,3,male,31.0,0,0,347063,7.775,S,0,1,0,0,1
806,807,1,male,39.0,0,0,112050,0.0,S,0,1,0,0,1
807,808,3,female,18.0,0,0,347087,7.775,S,1,0,0,0,1
808,809,2,male,39.0,0,0,248723,13.0,S,0,1,0,0,1
809,810,1,female,33.0,1,0,113806,53.1,S,1,0,0,0,1
810,811,3,male,26.0,0,0,3474,7.8875,S,0,1,0,0,1
811,812,3,male,39.0,0,0,A/4 48871,24.15,S,0,1,0,0,1
812,813,2,male,35.0,0,0,28206,10.5,S,0,1,0,0,1
813,814,3,female,6.0,4,2,347082,31.275,S,1,0,0,0,1
814,815,3,male,30.5,0,0,364499,8.05,S,0,1,0,0,1
815,816,1,male,28.0,0,0,112058,0.0,S,0,1,0,0,1
816,817,3,female,23.0,0,0,STON/O2. 3101290,7.925,S,1,0,0,0,1
817,818,2,male,31.0,1,1,S.C./PARIS 2079,37.0042,C,0,1,1,0,0
818,819,3,male,43.0,0,0,C 7075,6.45,S,0,1,0,0,1
819,820,3,male,10.0,3,2,347088,27.9,S,0,1,0,0,1
820,821,1,female,52.0,1,1,12749,93.5,S,1,0,0,0,1
821,822,3,male,27.0,0,0,315098,8.6625,S,0,1,0,0,1
822,823,1,male,38.0,0,0,19972,0.0,S,0,1,0,0,1
823,824,3,female,27.0,0,1,392096,12.475,S,1,0,0,0,1
824,825,3,male,2.0,4,1,3101295,39.6875,S,0,1,0,0,1
825,826,3,male,28.0,0,0,368323,6.95,Q,0,1,0,1,0
826,827,3,male,28.0,0,0,1601,56.4958,S,0,1,0,0,1
827,828,2,male,1.0,0,2,S.C./PARIS 2079,37.0042,C,0,1,1,0,0
828,829,3,male,28.0,0,0,367228,7.75,Q,0,1,0,1,0
829,830,1,female,62.0,0,0,113572,80.0,S,1,0,0,0,1
830,831,3,female,15.0,1,0,2659,14.4542,C,1,0,1,0,0
831,832,2,male,0.83,1,1,29106,18.75,S,0,1,0,0,1
832,833,3,male,28.0,0,0,2671,7.2292,C,0,1,1,0,0
833,834,3,male,23.0,0,0,347468,7.8542,S,0,1,0,0,1
834,835,3,male,18.0,0,0,2223,8.3,S,0,1,0,0,1
835,836,1,female,39.0,1,1,PC 17756,83.1583,C,1,0,1,0,0
836,837,3,male,21.0,0,0,315097,8.6625,S,0,1,0,0,1
837,838,3,male,28.0,0,0,392092,8.05,S,0,1,0,0,1
838,839,3,male,32.0,0,0,1601,56.4958,S,0,1,0,0,1
839,840,1,male,28.0,0,0,11774,29.7,C,0,1,1,0,0
840,841,3,male,20.0,0,0,SOTON/O2 3101287,7.925,S,0,1,0,0,1
841,842,2,male,16.0,0,0,S.O./P.P. 3,10.5,S,0,1,0,0,1
842,843,1,female,30.0,0,0,113798,31.0,C,1,0,1,0,0
843,844,3,male,34.5,0,0,2683,6.4375,C,0,1,1,0,0
844,845,3,male,17.0,0,0,315090,8.6625,S,0,1,0,0,1
845,846,3,male,42.0,0,0,C.A. 5547,7.55,S,0,1,0,0,1
846,847,3,male,28.0,8,2,CA. 2343,69.55,S,0,1,0,0,1
847,848,3,male,35.0,0,0,349213,7.8958,C,0,1,1,0,0
848,849,2,male,28.0,0,1,248727,33.0,S,0,1,0,0,1
849,850,1,female,28.0,1,0,17453,89.1042,C,1,0,1,0,0
850,851,3,male,4.0,4,2,347082,31.275,S,0,1,0,0,1
851,852,3,male,74.0,0,0,347060,7.775,S,0,1,0,0,1
852,853,3,female,9.0,1,1,2678,15.2458,C,1,0,1,0,0
853,854,1,female,16.0,0,1,PC 17592,39.4,S,1,0,0,0,1
854,855,2,female,44.0,1,0,244252,26.0,S,1,0,0,0,1
855,856,3,female,18.0,0,1,392091,9.35,S,1,0,0,0,1
856,857,1,female,45.0,1,1,36928,164.8667,S,1,0,0,0,1
857,858,1,male,51.0,0,0,113055,26.55,S,0,1,0,0,1
858,859,3,female,24.0,0,3,2666,19.2583,C,1,0,1,0,0
859,860,3,male,28.0,0,0,2629,7.2292,C,0,1,1,0,0
860,861,3,male,41.0,2,0,350026,14.1083,S,0,1,0,0,1
861,862,2,male,21.0,1,0,28134,11.5,S,0,1,0,0,1
862,863,1,female,48.0,0,0,17466,25.9292,S,1,0,0,0,1
863,864,3,female,28.0,8,2,CA. 2343,69.55,S,1,0,0,0,1
864,865,2,male,24.0,0,0,233866,13.0,S,0,1,0,0,1
865,866,2,female,42.0,0,0,236852,13.0,S,1,0,0,0,1
866,867,2,female,27.0,1,0,SC/PARIS 2149,13.8583,C,1,0,1,0,0
867,868,1,male,31.0,0,0,PC 17590,50.4958,S,0,1,0,0,1
868,869,3,male,28.0,0,0,345777,9.5,S,0,1,0,0,1
869,870,3,male,4.0,1,1,347742,11.1333,S,0,1,0,0,1
870,871,3,male,26.0,0,0,349248,7.8958,S,0,1,0,0,1
871,872,1,female,47.0,1,1,11751,52.5542,S,1,0,0,0,1
872,873,1,male,33.0,0,0,695,5.0,S,0,1,0,0,1
873,874,3,male,47.0,0,0,345765,9.0,S,0,1,0,0,1
874,875,2,female,28.0,1,0,P/PP 3381,24.0,C,1,0,1,0,0
875,876,3,female,15.0,0,0,2667,7.225,C,1,0,1,0,0
876,877,3,male,20.0,0,0,7534,9.8458,S,0,1,0,0,1
877,878,3,male,19.0,0,0,349212,7.8958,S,0,1,0,0,1
878,879,3,male,28.0,0,0,349217,7.8958,S,0,1,0,0,1
879,880,1,female,56.0,0,1,11767,83.1583,C,1,0,1,0,0
880,881,2,female,25.0,0,1,230433,26.0,S,1,0,0,0,1
881,882,3,male,33.0,0,0,349257,7.8958,S,0,1,0,0,1
882,883,3,female,22.0,0,0,7552,10.5167,S,1,0,0,0,1
883,884,2,male,28.0,0,0,C.A./SOTON 34068,10.5,S,0,1,0,0,1
884,885,3,male,25.0,0,0,SOTON/OQ 392076,7.05,S,0,1,0,0,1
885,886,3,female,39.0,0,5,382652,29.125,Q,1,0,0,1,0
886,887,2,male,27.0,0,0,211536,13.0,S,0,1,0,0,1
887,888,1,female,19.0,0,0,112053,30.0,S,1,0,0,0,1
888,889,3,female,28.0,1,2,W./C. 6607,23.45,S,1,0,0,0,1
889,890,1,male,26.0,0,0,111369,30.0,C,0,1,1,0,0
890,891,3,male,32.0,0,0,370376,7.75,Q,0,1,0,1,0
